WD22CD,WD22NM,mean
E05009317,Bethnal Green,0.2695559231637044
E05009318,Blackwall & Cubitt Town,0.11808367838467147
E05009319,Bow East,0.3377614669280048
E05009320,Bow West,0.44122103911692256
E05009321,Bromley North,0.17081310202375177
E05009322,Bromley South,0.16505502690346854
E05009323,Canary Wharf,0.056161704621667204
E05009324,Island Gardens,0.3709646061714846
E05009325,Lansbury,0.14882524069887307
E05009326,Limehouse,0.17832507267105538
E05009327,Mile End,0.3023273365669244
E05009328,Poplar,0.18449987704414106
E05009329,St Dunstan's,0.28756421569024265
E05009330,St Katharine's & Wapping,0.17320553319467707
E05009331,St Peter's,0.2167909327568766
E05009332,Shadwell,0.13359938308391342
E05009333,Spitalfields & Banglatown,0.13293074129015517
E05009334,Stepney Green,0.32426115198892014
E05009335,Weavers,0.26927653857571987
E05009336,Whitechapel,0.12794543725152432
E05009367,Brownswood,0.3800388022399009
E05009368,Cazenove,0.26457372796287204
E05009369,Clissold,0.4186618822736865
E05009370,Dalston,0.25475910350161124
E05009371,De Beauvoir,0.22923404523482932
E05009372,Hackney Central,0.2695013185363751
E05009373,Hackney Downs,0.37997867987146566
E05009374,Hackney Wick,0.4284845777971952
E05009375,Haggerston,0.3041745080892944
E05009376,Homerton,0.207218099858225
E05009377,Hoxton East & Shoreditch,0.13887781080537687
E05009378,Hoxton West,0.3217852763381492
E05009379,King's Park,0.7223550800498894
E05009380,Lea Bridge,0.4257766426189053
E05009381,London Fields,0.33331369180844606
E05009382,Shacklewell,0.24602780994946233
E05009383,Springfield,0.42316455834336886
E05009384,Stamford Hill West,0.28306892138327955
E05009385,Stoke Newington,0.3631807770579898
E05009386,Victoria,0.4273458379456066
E05009387,Woodberry Down,0.3554195738403289
E05009388,Abingdon,0.1772687117192097
E05009389,Brompton & Hans Town,0.1450287066435997
E05009390,Campden,0.38107228854986525
E05009391,Chelsea Riverside,0.1729414752724618
E05009392,Colville,0.19356424640135492
E05009393,Courtfield,0.2039870023739491
E05009394,Dalgarno,0.3739423697597795
E05009395,Earl's Court,0.211250111063884
E05009396,Golborne,0.2063769573370298
E05009397,Holland,0.45647785292698384
E05009398,Norland,0.3601393381167014
E05009399,Notting Dale,0.27790070641733855
E05009400,Pembridge,0.21492343412352075
E05009401,Queen's Gate,0.16416469792461233
E05009402,Redcliffe,0.3079156014967952
E05009403,Royal Hospital,0.25975785649648364
E05009404,St. Helen's,0.23172452127702073
E05009405,Stanley,0.17010915265694385
E05011095,Borough & Bankside,0.07141362923105002
E05011096,Camberwell Green,0.2454425831578908
E05011097,Champion Hill,0.5430291689560456
E05011098,Chaucer,0.2472835043903102
E05011099,Dulwich Hill,0.5571203289876407
E05011100,Dulwich Village,0.6874169285728707
E05011101,Dulwich Wood,0.81047766130175
E05011102,Faraday,0.45146110842740544
E05011103,Goose Green,0.30556156572948984
E05011104,London Bridge & West Bermondsey,0.1221183126238939
E05011105,Newington,0.337359871646003
E05011106,North Bermondsey,0.3409404830108218
E05011107,North Walworth,0.19755484576751126
E05011108,Nunhead & Queen's Road,0.3990165986348351
E05011109,Old Kent Road,0.17954822563723374
E05011110,Peckham,0.2419872026973399
E05011111,Peckham Rye,0.7135138687713861
E05011112,Rotherhithe,0.3075183604418182
E05011113,Rye Lane,0.2365979319880573
E05011114,St George's,0.14831676395865498
E05011115,St Giles,0.37638685003740663
E05011116,South Bermondsey,0.18805226540573708
E05011117,Surrey Docks,0.28442440270719394
E05011217,Barnehurst,0.48160687227080723
E05011218,Belvedere,0.41181978162527494
E05011219,Bexleyheath,0.4482348161504331
E05011220,Blackfen & Lamorbey,0.4257378072531168
E05011221,Blendon & Penhill,0.5022541200576179
E05011222,Crayford,0.5449010684898004
E05011223,Crook Log,0.37037526650414915
E05011224,East Wickham,0.46833983239973737
E05011225,Erith,0.26209113607802736
E05011226,Falconwood & Welling,0.46871335163179123
E05011227,Longlands,0.5480522667556248
E05011228,Northumberland Heath,0.4021028241966223
E05011229,St Mary's & St James,0.7962076667585045
E05011230,Sidcup,0.5583894835195018
E05011231,Slade Green & Northend,0.6113788458022689
E05011232,Thamesmead East,0.5230971986503123
E05011233,West Heath,0.352494655033833
E05011234,Aldborough,0.572918284285327
E05011235,Barkingside,0.3338092811520425
E05011236,Bridge,0.6931973245891334
E05011237,Chadwell,0.3068443571654166
E05011238,Churchfields,0.4783967682246557
E05011239,Clayhall,0.41558588028664667
E05011240,Clementswood,0.13685173025233272
E05011241,Cranbrook,0.3175666758684418
E05011242,Fairlop,0.5666111384571749
E05011243,Fullwell,0.4613808372989099
E05011244,Goodmayes,0.320402345885366
E05011245,Hainault,0.7224185648371739
E05011246,Ilford Town,0.13714140939738456
E05011247,Loxford,0.30027355135241934
E05011248,Mayfield,0.3724579642941818
E05011249,Monkhams,0.6799053268934178
E05011250,Newbury,0.4312588754300825
E05011251,Seven Kings,0.33119301985762667
E05011252,South Woodford,0.4885163436896793
E05011253,Valentines,0.375039294724059
E05011254,Wanstead Park,0.8053806199752388
E05011255,Wanstead Village,0.5487290345103714
E05011462,Addiscombe East,0.476459382094235
E05011463,Addiscombe West,0.3172009082043382
E05011464,Bensham Manor,0.31190783399914584
E05011465,Broad Green,0.16869967542230416
E05011466,Coulsdon Town,0.6739761843713169
E05011467,Crystal Palace & Upper Norwood,0.6433446175101101
E05011468,Fairfield,0.17231883046721042
E05011469,Kenley,0.8574575222289366
E05011470,New Addington North,0.5970927005464995
E05011471,New Addington South,0.6328930605126618
E05011472,Norbury & Pollards Hill,0.40689763574900173
E05011473,Norbury Park,0.5860466672905393
E05011474,Old Coulsdon,0.8612172997099307
E05011475,Park Hill & Whitgift,0.8049283517350344
E05011476,Purley & Woodcote,0.7406763026753953
E05011477,Purley Oaks & Riddlesdown,0.710002139046554
E05011478,Sanderstead,0.8427510688358365
E05011479,Selhurst,0.32437720457966074
E05011480,Selsdon & Addington Village,0.8054663547968938
E05011481,Selsdon Vale & Forestdale,0.8418749264813311
E05011482,Shirley North,0.5919603842118752
E05011483,Shirley South,0.791052830963018
E05011484,South Croydon,0.6996941906291086
E05011485,South Norwood,0.3918969621125215
E05011486,Thornton Heath,0.36376409264491855
E05011487,Waddon,0.4557077612596769
E05011488,West Thornton,0.324993942415186
E05011489,Woodside,0.4941950325133159
E05013496,Alperton,0.2615012785339072
E05013497,Barnhill,0.5975009703046256
E05013498,Brondesbury Park,0.4828148195314518
E05013499,Cricklewood & Mapesbury,0.32180594418257047
E05013500,Dollis Hill,0.34909244798440714
E05013501,Harlesden & Kensal Green,0.2689384227897186
E05013502,Kenton,0.46358331213443776
E05013503,Kilburn,0.2184955651761573
E05013504,Kingsbury,0.2757991930860756
E05013505,Northwick Park,0.49015496368782
E05013506,Preston,0.3969818140349424
E05013507,Queens Park,0.31710842587768456
E05013508,Queensbury,0.3699101210982034
E05013509,Roundwood,0.3369515490160043
E05013510,Stonebridge,0.22684358021363396
E05013511,Sudbury,0.48767186491727377
E05013512,Tokyngton,0.2531806468446134
E05013513,Welsh Harp,0.48908003592480453
E05013514,Wembley Central,0.3369314792179333
E05013515,Wembley Hill,0.3558593023309026
E05013516,Wembley Park,0.09615669869625697
E05013517,Willesden Green,0.31103302032993396
E05013518,Central Greenford,0.35576117879567487
E05013519,Dormers Wells,0.5771838002293527
E05013520,Ealing Broadway,0.4391002693943007
E05013521,Ealing Common,0.4677195720158475
E05013522,East Acton,0.3988136516097454
E05013523,Greenford Broadway,0.4892767489932963
E05013524,Hanger Hill,0.5329015904719238
E05013525,Hanwell Broadway,0.40092363714094637
E05013526,Lady Margaret,0.2927396979660584
E05013527,North Acton,0.24008991877188518
E05013528,North Greenford,0.6581222038595115
E05013529,North Hanwell,0.5619665706456367
E05013530,Northfield,0.3356944957255569
E05013531,Northolt Mandeville,0.48674096993055066
E05013532,Northolt West End,0.6314514751058318
E05013533,Norwood Green,0.5562286046822182
E05013534,Perivale,0.4246175402580575
E05013535,Pitshanger,0.5319325877355355
E05013536,South Acton,0.261474247749771
E05013537,Southall Broadway,0.20361834747565077
E05013538,Southall Green,0.13112531587855691
E05013539,Southall West,0.03795449831435106
E05013540,Southfield,0.2812476289733744
E05013541,Walpole,0.37284273392840456
E05013542,Belmont,0.559102589041048
E05013543,Canons,0.558005925098106
E05013544,Centenary,0.3726492866843989
E05013545,Edgware,0.2777565570809552
E05013546,Greenhill,0.27693162873528454
E05013547,Harrow on the Hill,0.7572650532928197
E05013548,Harrow Weald,0.7335824679210714
E05013549,Hatch End,0.6569975878132027
E05013550,Headstone,0.5426218503281098
E05013551,Kenton East,0.31125328091351695
E05013552,Kenton West,0.39002793035023503
E05013553,Marlborough,0.20476808870283017
E05013554,North Harrow,0.3934261759124888
E05013555,Pinner,0.7121320484808331
E05013556,Pinner South,0.5444124262155348
E05013557,Rayners Lane,0.3177973534400978
E05013558,Roxbourne,0.40283806559016166
E05013559,Roxeth,0.42138586939081984
E05013560,Stanmore,0.8044713557483055
E05013561,Wealdstone North,0.2894411385592055
E05013562,Wealdstone South,0.3169055456330169
E05013563,West Harrow,0.4284419434372273
E05013564,Belmore,0.4741776401899774
E05013565,Charville,0.6109008378830076
E05013566,Colham & Cowley,0.5624628772121935
E05013567,Eastcote,0.5512984506012891
E05013568,Harefield Village,0.8825020206566447
E05013569,Hayes Town,0.3906828527122004
E05013570,Heathrow Villages,0.4568186089719685
E05013571,Hillingdon East,0.680473420136127
E05013572,Hillingdon West,0.607208134686896
E05013573,Ickenham & South Harefield,0.7193432215217849
E05013574,Northwood,0.8141400290289718
E05013575,Northwood Hills,0.6006818349951433
E05013576,Pinkwell,0.36390703690039217
E05013577,Ruislip,0.7779476227310462
E05013578,Ruislip Manor,0.4129467811576375
E05013579,South Ruislip,0.5347585434170398
E05013580,Uxbridge,0.4795323684032978
E05013581,West Drayton,0.5399293116611014
E05013582,Wood End,0.43584994607413574
E05013583,Yeading,0.5370783433772744
E05013584,Yiewsley,0.4882876278088309
E05013585,Alexandra Park,0.6302005778705407
E05013586,Bounds Green,0.3890868420991502
E05013587,Bruce Castle,0.3622836037779176
E05013588,Crouch End,0.5064846564001053
E05013589,Fortis Green,0.5481000620969048
E05013590,Harringay,0.4099880349051031
E05013591,Hermitage & Gardens,0.28914449536112563
E05013592,Highgate,0.6905885843460249
E05013593,Hornsey,0.30086178518063444
E05013594,Muswell Hill,0.614075620271616
E05013595,Noel Park,0.17669666034448497
E05013596,Northumberland Park,0.361504111408257
E05013597,St Ann's,0.26664260891487973
E05013598,Seven Sisters,0.2926333606451331
E05013599,South Tottenham,0.30206455828938766
E05013600,Stroud Green,0.47975638425280454
E05013601,Tottenham Central,0.2371493704267306
E05013602,Tottenham Hale,0.3443594125392327
E05013603,West Green,0.4743173512544308
E05013604,White Hart Lane,0.34787778045999285
E05013605,Woodside,0.3957104070195679
E05013606,Bedfont,0.578305671619281
E05013607,Brentford East,0.401606738133137
E05013608,Brentford West,0.3761404404920868
E05013609,Chiswick Gunnersbury,0.48668880025459443
E05013610,Chiswick Homefields,0.5961530558883058
E05013611,Chiswick Riverside,0.4501207976533622
E05013612,Cranford,0.4223114593580487
E05013613,Feltham North,0.4373563616425141
E05013614,Feltham West,0.5778859304721259
E05013615,Hanworth Park,0.5657947071405833
E05013616,Hanworth Village,0.5827356787310436
E05013617,Heston Central,0.3711334392852079
E05013618,Heston East,0.4954201883537812
E05013619,Heston West,0.49902465543154795
E05013620,Hounslow Central,0.24804403394082208
E05013621,Hounslow East,0.394950515315367
E05013622,Hounslow Heath,0.5381361187949755
E05013623,Hounslow South,0.36441950242149856
E05013624,Hounslow West,0.24105208277331372
E05013625,Isleworth,0.41366210044872465
E05013626,Osterley & Spring Grove,0.6625615531115916
E05013627,Syon & Brentford Lock,0.582157953986531
E05013628,Barnet Vale,0.5771423159639436
E05013629,Brunswick Park,0.4841829737497038
E05013630,Burnt Oak,0.45362674842717715
E05013631,Childs Hill,0.49162661775546174
E05013632,Colindale North,0.31374264288593584
E05013633,Colindale South,0.2844280856734613
E05013634,Cricklewood,0.3201735031525948
E05013635,East Barnet,0.616717870302357
E05013636,East Finchley,0.6185188032716211
E05013637,Edgware,0.45595378555387217
E05013638,Edgwarebury,0.7485024454743969
E05013639,Finchley Church End,0.5236523825524146
E05013640,Friern Barnet,0.5029785147080087
E05013641,Garden Suburb,0.7884230430129596
E05013642,Golders Green,0.3436357747863424
E05013643,Hendon,0.4490747096874402
E05013644,High Barnet,0.8087926478031985
E05013645,Mill Hill,0.7367625600176134
E05013646,Totteridge & Woodside,0.8230324563002294
E05013647,Underhill,0.6165687494103926
E05013648,West Finchley,0.39067896931139
E05013649,West Hendon,0.36441160995235566
E05013650,Whetstone,0.5455044343532693
E05013651,Woodhouse,0.5418524896432023
E05013652,Belsize,0.4142730010076342
E05013653,Bloomsbury,0.12068976487919236
E05013654,Camden Square,0.26458659000904794
E05013655,Camden Town,0.1530325542688806
E05013656,Fortune Green,0.4210339872182811
E05013657,Frognal,0.5937449628089864
E05013658,Gospel Oak,0.28044377923076175
E05013659,Hampstead Town,0.7634921723017472
E05013660,Haverstock,0.26462916785609736
E05013661,Highgate,0.746757875729248
E05013662,Holborn & Covent Garden,0.09622502616976016
E05013663,Kentish Town North,0.28676194499202085
E05013664,Kentish Town South,0.24057378169516414
E05013665,Kilburn,0.36802537020422266
E05013666,King's Cross,0.13891673971038856
E05013667,Primrose Hill,0.46513024187929175
E05013668,Regent's Park,0.21911207926608472
E05013669,St Pancras & Somers Town,0.14437833796486862
E05013670,South Hampstead,0.35198398732927516
E05013671,West Hampstead,0.24584688558020762
E05013672,Arnos Grove,0.5582142117128647
E05013673,Bowes,0.41283082643231345
E05013674,Brimsdown,0.34733248434418695
E05013675,Bullsmoor,0.46669357574772796
E05013676,Bush Hill Park,0.5021020681568203
E05013677,Carterhatch,0.3593136139883129
E05013678,Cockfosters,0.7385658722991236
E05013679,Edmonton Green,0.2991912884753113
E05013680,Enfield Lock,0.5529504985584816
E05013681,Grange Park,0.6400508362867715
E05013682,Haselbury,0.40573140437393773
E05013683,Highfield,0.46521224852626913
E05013684,Jubilee,0.39828588394323405
E05013685,Lower Edmonton,0.29974006903290706
E05013686,New Southgate,0.34000499164487125
E05013687,Oakwood,0.6140961828467826
E05013688,Palmers Green,0.43963171206518786
E05013689,Ponders End,0.24213158034102936
E05013690,Ridgeway,0.66836814758226
E05013691,Southbury,0.43507481982801205
E05013692,Southgate,0.5322716672040801
E05013693,Town,0.41170789133671465
E05013694,Upper Edmonton,0.23147313263152636
E05013695,Whitewebbs,0.7746485156254331
E05013696,Winchmore Hill,0.574100506242752
E05013697,Arsenal,0.2789242200150524
E05013698,Barnsbury,0.2784616148120081
E05013699,Bunhill,0.14717930967361567
E05013700,Caledonian,0.2810849298422164
E05013701,Canonbury,0.4160092313347238
E05013702,Clerkenwell,0.19910655195234941
E05013703,Finsbury Park,0.29023758671407895
E05013704,Highbury,0.5221451384140358
E05013705,Hillrise,0.46072890864771865
E05013706,Holloway,0.3050345305597073
E05013707,Junction,0.32157131412807205
E05013708,Laycock,0.34591833575653
E05013709,Mildmay,0.42045377278004803
E05013710,St Mary's & St James',0.2904747313582753
E05013711,St Peter's & Canalside,0.1900640301318266
E05013712,Tollington,0.28470342456635334
E05013713,Tufnell Park,0.4106923024212509
E05013714,Bellingham,0.6155052744041364
E05013715,Blackheath,0.7086532979410375
E05013716,Brockley,0.47500619990062365
E05013717,Catford South,0.43870142141720814
E05013718,Crofton Park,0.401819832862563
E05013719,Deptford,0.23789455593061942
E05013720,Downham,0.5272865485724856
E05013721,Evelyn,0.2533451845417578
E05013722,Forest Hill,0.5629807083842728
E05013723,Grove Park,0.5702643388693612
E05013724,Hither Green,0.43777460544849167
E05013725,Ladywell,0.5103189524658582
E05013726,Lee Green,0.45026663038651094
E05013727,Lewisham Central,0.30584747587471073
E05013728,New Cross Gate,0.24915807579386004
E05013729,Perry Vale,0.4464107846880322
E05013730,Rushey Green,0.4379891299101965
E05013731,Sydenham,0.5276341899034277
E05013732,Telegraph Hill,0.4406827619209607
E05013733,Addison,0.17091209071803165
E05013734,Avonmore,0.24455274366883098
E05013735,Brook Green,0.22392823190058067
E05013736,College Park & Old Oak,0.42622180582651764
E05013737,Coningham,0.1916313591668922
E05013738,Fulham Reach,0.258759586672109
E05013739,Fulham Town,0.109515838705692
E05013740,Grove,0.16126286491966224
E05013741,Hammersmith Broadway,0.1560477626030159
E05013742,Lillie,0.2471920603239387
E05013743,Munster,0.08037141265494686
E05013744,Palace & Hurlingham,0.4016475804353644
E05013745,Parsons Green & Sandford,0.2118566824429251
E05013746,Ravenscourt,0.3118768120030722
E05013747,Sands End,0.10477780008819726
E05013748,Shepherd's Bush Green,0.15611393608457427
E05013749,Walham Green,0.18982970272395666
E05013750,Wendell Park,0.28655353899803876
E05013751,West Kensington,0.1283646163770934
E05013752,White City,0.24705868999528033
E05013753,Wormholt,0.36845075910597713
E05013754,Beddington,0.4371368265594583
E05013755,Belmont,0.6484675453603219
E05013756,Carshalton Central,0.5908840495872854
E05013757,Carshalton South & Clockhouse,0.8409020419583626
E05013758,Cheam,0.6932270180305239
E05013759,Hackbridge,0.5575029832935556
E05013760,North Cheam,0.3263459302641187
E05013761,St Helier East,0.5513773592918481
E05013762,St Helier West,0.4258575008351668
E05013763,South Beddington & Roundshaw,0.6959962090941689
E05013764,Stonecot,0.40168899106457656
E05013765,Sutton Central,0.2960407450029806
E05013766,Sutton North,0.5121616496186121
E05013767,Sutton South,0.6156429276739815
E05013768,Sutton West & East Cheam,0.4809171818003689
E05013769,The Wrythe,0.4294028994522599
E05013770,Wallington North,0.5889787579764783
E05013771,Wallington South,0.539194651537358
E05013772,Worcester Park North,0.5178299786499445
E05013773,Worcester Park South,0.4703478424306844
E05013774,Barnes,0.5532790390169131
E05013775,East Sheen,0.8350284302792149
E05013776,Fulwell & Hampton Hill,0.6672982924681667
E05013777,"Ham, Petersham & Richmond Riverside",0.8611735674946794
E05013778,Hampton,0.7540076074743565
E05013779,Hampton North,0.5952697786446228
E05013780,Hampton Wick & South Teddington,0.5879293178698493
E05013781,Heathfield,0.47117145863951104
E05013782,Kew,0.6654593895975924
E05013783,Mortlake & Barnes Common,0.5567996863091685
E05013784,North Richmond,0.6496703070372705
E05013785,St Margarets & North Twickenham,0.43481841551213235
E05013786,South Richmond,0.6422881147139808
E05013787,South Twickenham,0.4896985205120987
E05013788,Teddington,0.7355515369527472
E05013789,Twickenham Riverside,0.5313073904047381
E05013790,West Twickenham,0.4991996035531427
E05013791,Whitton,0.40392865670303074
E05013792,Abbey Road,0.2987958826561064
E05013793,Bayswater,0.16463659710790823
E05013794,Church Street,0.15108403823560532
E05013795,Harrow Road,0.14772967550347238
E05013796,Hyde Park,0.49166239390582234
E05013797,Knightsbridge & Belgravia,0.2825523896169098
E05013798,Lancaster Gate,0.6019572992267133
E05013799,Little Venice,0.2968052639720219
E05013800,Maida Vale,0.4333902949627141
E05013801,Marylebone,0.06031897901141394
E05013802,Pimlico North,0.1169720074834972
E05013803,Pimlico South,0.2060982003429206
E05013804,Queen's Park,0.09955859967567554
E05013805,Regent's Park,0.6430100248924024
E05013806,St James's,0.2158528572343428
E05013807,Vincent Square,0.14408004641897218
E05013808,West End,0.05069570612461461
E05013809,Westbourne,0.31447271207905736
E05013810,Abbey,0.23159857621090152
E05013811,Cannon Hill,0.5939137352572579
E05013812,Colliers Wood,0.2923551858478656
E05013813,Cricket Green,0.6153691600084159
E05013814,Figge's Marsh,0.31515838704892085
E05013815,Graveney,0.32449380835855746
E05013816,Hillside,0.3181677555638804
E05013817,Lavender Fields,0.3169002648856207
E05013818,Longthornton,0.4003869237776476
E05013819,Lower Morden,0.5508352705879019
E05013820,Merton Park,0.5196638444483
E05013821,Pollards Hill,0.5833170324695894
E05013822,Ravensbury,0.5218610096222452
E05013823,Raynes Park,0.42909206310338627
E05013824,St Helier,0.5183838968327642
E05013825,Village,0.779765333831293
E05013826,Wandle,0.453047767399548
E05013827,West Barnes,0.5115990122880827
E05013828,Wimbledon Park,0.41680313837439736
E05013829,Wimbledon Town & Dundonald,0.33407089905478765
E05013882,Cann Hall,0.2742855611781862
E05013883,Cathall,0.24423964603096188
E05013884,Chapel End,0.3963579277962183
E05013885,Chingford Green,0.7604441467515818
E05013886,Endlebury,0.5436804740049509
E05013887,Forest,0.4809168825361005
E05013888,Grove Green,0.17431465708811272
E05013889,Hale End & Highams Park South,0.6382090086453805
E05013890,Hatch Lane & Highams Park North,0.6723593842717025
E05013891,High Street,0.19909043706028082
E05013892,Higham Hill,0.33666802374038696
E05013893,Hoe Street,0.337172301045133
E05013894,Larkswood,0.5264968519586285
E05013895,Lea Bridge,0.39254175843395783
E05013896,Leyton,0.2732066189979077
E05013897,Leytonstone,0.3534331770055091
E05013898,Markhouse,0.2134547598725571
E05013899,St James,0.439648223656431
E05013900,Upper Walthamstow,0.7318132640321283
E05013901,Valley,0.32018731582493976
E05013902,William Morris,0.30997674751771476
E05013903,Wood Street,0.2494352631942473
E05013904,Beckton,0.3466136456835659
E05013905,Boleyn,0.16845457202796849
E05013906,Canning Town North,0.25010150278418297
E05013907,Canning Town South,0.19577604096620593
E05013908,Custom House,0.38092924104187537
E05013909,East Ham,0.18904039648001017
E05013910,East Ham South,0.3265875364332568
E05013911,Forest Gate North,0.30611324206302365
E05013912,Forest Gate South,0.22712991276979372
E05013913,Green Street East,0.08366371419212876
E05013914,Green Street West,0.06634057971014495
E05013915,Little Ilford,0.5573291091268299
E05013916,Manor Park,0.3663657918367885
E05013917,Maryland,0.24216184217726286
E05013918,Plaistow North,0.14445306958069287
E05013919,Plaistow South,0.23456589872503295
E05013920,Plaistow West & Canning Town East,0.2661973856935984
E05013921,Plashet,0.22887573517729973
E05013922,Royal Albert,0.10879461874686489
E05013923,Royal Victoria,0.12629235002731423
E05013924,Stratford,0.19513858286748068
E05013925,Stratford Olympic Park,0.17076310018103405
E05013926,Wall End,0.35943491076472256
E05013927,West Ham,0.3581757285821078
E05013928,Alexandra,0.5193450397275092
E05013929,Berrylands,0.6070923942536214
E05013930,Canbury Gardens,0.3199477906006565
E05013931,Chessington South & Malden Rushett,0.7511368196916764
E05013932,Coombe Hill,0.8021032625902529
E05013933,Coombe Vale,0.5061338569692627
E05013934,Green Lane & St James,0.4658083065424478
E05013935,Hook & Chessington North,0.49791414107424237
E05013936,King George's & Sunray,0.6269439972937527
E05013937,Kingston Gate,0.3848363324402975
E05013938,Kingston Town,0.268130049417834
E05013939,Motspur Park & Old Malden East,0.5514580288253106
E05013940,New Malden Village,0.49713064626774056
E05013941,Norbiton,0.4074709369109492
E05013942,Old Malden,0.5830130644497388
E05013943,St Mark's & Seething Wells,0.4886871572676001
E05013944,Surbiton Hill,0.566998999886807
E05013945,Tolworth,0.3225514743865812
E05013946,Tudor,0.5110592495178257
E05013967,Beam Park,0.33402340822902404
E05013968,Cranham,0.6408461386226874
E05013969,Elm Park,0.5965323412449858
E05013970,Emerson Park,0.6559400162685486
E05013971,Gooshays,0.7839868923951328
E05013972,Hacton,0.47814543461521597
E05013973,Harold Wood,0.7697345048546608
E05013974,Havering-atte-Bower,0.796304632505238
E05013975,Heaton,0.4617023524607198
E05013976,Hylands & Harrow Lodge,0.48934101276056136
E05013977,Marshalls & Rise Park,0.6425681528456294
E05013978,Mawneys,0.44570706022394335
E05013979,Rainham & Wennington,0.566238371116754
E05013980,Rush Green & Crowlands,0.502183284058659
E05013981,St Alban's,0.29311625170223965
E05013982,St Andrew's,0.4438611665621466
E05013983,St Edward's,0.30362541712421814
E05013984,South Hornchurch,0.6109083498941486
E05013985,Squirrels Heath,0.46785716546965245
E05013986,Upminster,0.7290900611917941
E05013987,Beckenham Town & Copers Cope,0.6803300485283985
E05013988,Bickley & Sundridge,0.7548012262353562
E05013989,Biggin Hill,0.6870400007158193
E05013990,Bromley Common & Holwood,0.7510199074080597
E05013991,Bromley Town,0.5177857814303188
E05013992,Chelsfield,0.8307163545117727
E05013993,Chislehurst,0.8458364494109842
E05013994,Clock House,0.5216047960544149
E05013995,Crystal Palace & Anerley,0.647635381578035
E05013996,Darwin,0.9289675771619827
E05013997,Farnborough & Crofton,0.6533306595491988
E05013998,Hayes & Coney Hall,0.8322478290714718
E05013999,Kelsey & Eden Park,0.6507516948551189
E05014000,Mottingham,0.681734134410191
E05014001,Orpington,0.6553405760177947
E05014002,Penge & Cator,0.5419922162634421
E05014003,Petts Wood & Knoll,0.6413087559600015
E05014004,Plaistow,0.6155872424399741
E05014005,Shortlands & Park Langley,0.707212453188047
E05014006,St Mary Cray,0.695859810806407
E05014007,St Paul's Cray,0.6806496269097919
E05014008,West Wickham,0.6243465040774555
E05014009,Balham,0.2552720886407448
E05014010,Battersea Park,0.4946139845731461
E05014011,East Putney,0.44166711635027406
E05014012,Falconbrook,0.28404365586754493
E05014013,Furzedown,0.416427922676984
E05014014,Lavender,0.15616609580882082
E05014015,Nine Elms,0.02453367701821677
E05014016,Northcote,0.4238651988697777
E05014017,Roehampton,0.765756120749849
E05014018,St Mary's,0.1701711623488894
E05014019,Shaftesbury & Queenstown,0.171992266591894
E05014020,South Balham,0.58344315929479
E05014021,Southfields,0.26235002200274454
E05014022,Thamesfield,0.3345375699787185
E05014023,Tooting Bec,0.21265129963883683
E05014024,Tooting Broadway,0.254223081772211
E05014025,Trinity,0.2818004961436431
E05014026,Wandle,0.38628864824817566
E05014027,Wandsworth Common,0.49792480661412464
E05014028,Wandsworth Town,0.30033888495926647
E05014029,West Hill,0.5809410575106548
E05014030,West Putney,0.652938211984891
E05014053,Abbey,0.20136881087612704
E05014054,Alibon,0.24365833163529127
E05014055,Barking Riverside,0.19981534398687126
E05014056,Beam,0.17614192070527543
E05014057,Becontree,0.3275818179568899
E05014058,Chadwell Heath,0.5120140604737268
E05014059,Eastbrook & Rush Green,0.7265101251518338
E05014060,Eastbury,0.297789795676253
E05014061,Gascoigne,0.2074448993751075
E05014062,Goresbrook,0.32333935124539465
E05014063,Heath,0.33945923258513505
E05014064,Longbridge,0.42102736238154675
E05014065,Mayesbrook,0.3711698809490862
E05014066,Northbury,0.19858714724894683
E05014067,Parsloes,0.42663603154144836
E05014068,Thames View,0.25575197014882395
E05014069,Valence,0.31807935989251934
E05014070,Village,0.5811469737545637
E05014071,Whalebone,0.22957448872630562
E05014072,Abbey Wood,0.5645700041575094
E05014073,Blackheath Westcombe,0.6258461337092579
E05014074,Charlton Hornfair,0.45983330093376806
E05014075,Charlton Village & Riverside,0.47701368939274225
E05014076,East Greenwich,0.19183949177465975
E05014077,Eltham Page,0.45568190685498133
E05014078,Eltham Park & Progress,0.6839965382257476
E05014079,Eltham Town & Avery Hill,0.6673146176281627
E05014080,Greenwich Creekside,0.20677987112873011
E05014081,Greenwich Park,0.6005534241579745
E05014082,Greenwich Peninsula,0.09344123529076258
E05014083,Kidbrooke Park,0.5832764883792724
E05014084,Kidbrooke Village & Sutcliffe,0.5803272660954473
E05014085,Middle Park & Horn Park,0.6545114267071391
E05014086,"Mottingham, Coldharbour & New Eltham",0.5699922479362858
E05014087,Plumstead & Glyndon,0.3070287837169179
E05014088,Plumstead Common,0.59988674075667
E05014089,Shooters Hill,0.7565950729550931
E05014090,Thamesmead Moorings,0.5566489847407378
E05014091,West Thamesmead,0.3680737884676783
E05014092,Woolwich Arsenal,0.15049001281583152
E05014093,Woolwich Common,0.5675787908216128
E05014094,Woolwich Dockyard,0.3147619712952036
E05014095,Brixton Acre Lane,0.24457762714990522
E05014096,Brixton North,0.2788385879648426
E05014097,Brixton Rush Common,0.4241757622442506
E05014098,Brixton Windrush,0.25969828417940866
E05014099,Clapham Common & Abbeville,0.41055984157135467
E05014100,Clapham East,0.21729466139203327
E05014101,Clapham Park,0.3733022145423531
E05014102,Clapham Town,0.29936872934518044
E05014103,Gipsy Hill,0.562749421855962
E05014104,Herne Hill & Loughborough Junction,0.4502415053473892
E05014105,Kennington,0.37562227374976964
E05014106,Knight's Hill,0.4135406637378608
E05014107,Myatt's Fields,0.35272591535753806
E05014108,Oval,0.2177365172372696
E05014109,St Martin's,0.4242786760031628
E05014110,Stockwell East,0.35344899976755306
E05014111,Stockwell West & Larkhall,0.3541672101962761
E05014112,Streatham Common & Vale,0.431771047340878
E05014113,Streatham Hill East,0.4707231719521943
E05014114,Streatham Hill West & Thornton,0.35346393343665194
E05014115,Streatham St Leonard's,0.3143755602236277
E05014116,Streatham Wells,0.480078345306858
E05014117,Vauxhall,0.2168133319472633
E05014118,Waterloo & South Bank,0.1722398880082147
E05014119,West Dulwich,0.5604881126232364
E09000001,City of London,0.03448881423290212
